,participantId,format,precision,recall,f1,task,tree_similarity,strict_parse,loose_parse,duration_sec,help_count,search_count,copy_count,paste_count,normalized_time
0,5f7f239e9b204e05b6c36538,json5,0.0,0.0,0.0,modifying-task-config-1,0.08999999999999997,False,False,320.421,2,0,0,0,320.421
1,676d220cd6e7101ccba18ba5,jsonc,0.0,0.0,0.0,modifying-task-config-1,0.9789473684210527,True,True,698.242,0,0,0,0,698.242
2,680ebf035ab59d342f31726e,hjson,1.0,1.0,1.0,modifying-task-config-1,0.9894736842105263,True,False,98.139,0,0,0,0,98.139
3,678faf5b31008609fd85b185,json5,1.0,1.0,1.0,modifying-task-config-1,0.9894736842105263,True,True,91.106,0,0,0,0,91.106
4,65e85a421f2dee53c62fbf45,json5,1.0,1.0,1.0,modifying-task-config-1,0.9789473684210527,True,True,449.112,0,0,0,0,449.112
5,66b223d532199c29ed32c8f4,jsonc,1.0,1.0,1.0,modifying-task-config-1,0.9894736842105263,True,True,524.704,0,0,0,0,524.704
6,666b0b42bb6fa2822fa27a32,json5,0.0,0.0,0.0,modifying-task-config-1,0.07999999999999996,False,False,156.408,0,0,0,0,156.408
7,674f479b2a4ef75e4551f258,json5,1.0,1.0,1.0,modifying-task-config-1,0.9894736842105263,True,True,136.163,0,0,0,0,136.163
8,682ac845e44bb325e260d19c,jsonc,1.0,1.0,1.0,modifying-task-config-1,0.9789473684210527,True,True,215.848,0,0,0,0,215.848
9,65583ffa38bfc41805a553cd,hjson,1.0,1.0,1.0,modifying-task-config-1,0.9894736842105263,True,False,99.893,0,1,0,0,99.893
10,60ec51c51a3158a50ded8a3e,json5,1.0,1.0,1.0,modifying-task-config-1,0.9894736842105263,True,True,131.998,0,0,0,0,131.998
11,671bdd06525adeea062a1d73,json,1.0,1.0,1.0,modifying-task-config-1,1.0,True,True,186.635,0,0,0,0,186.635
12,6647e8618c77f7b938865d25,json5,1.0,1.0,1.0,modifying-task-config-1,0.9894736842105263,True,True,212.177,0,0,2,1,212.177
13,67d11093c44f4d7f6439251d,jsonc,1.0,1.0,1.0,modifying-task-config-1,0.9894736842105263,True,True,75.912,0,0,0,0,75.912
14,6745fae180d1fe9990e66532,jsonc,1.0,1.0,1.0,modifying-task-config-1,0.9894736842105263,True,True,446.031,0,0,1,0,446.031
15,6717980047b565ab5b849317,hjson,1.0,1.0,1.0,modifying-task-config-1,0.9894736842105263,True,False,51.821,0,0,0,0,51.821
16,64ea2ee72ab0377e0846cb9e,jsonc,1.0,1.0,1.0,modifying-task-config-1,0.9894736842105263,True,True,215.442,0,0,0,0,215.442
17,6818ca1523ece90f671e3601,json,0.0,0.0,0.0,modifying-task-config-1,-0.04237288135593231,False,False,144.427,0,0,0,0,144.427
18,66ec8f7ce843d25227820f97,hjson,1.0,1.0,1.0,modifying-task-config-1,0.9894736842105263,True,False,224.622,0,0,0,0,224.622
19,6680d2279263349cc005956a,json,0.0,0.0,0.0,modifying-task-config-1,0.9789473684210527,True,True,349.109,0,0,0,0,349.109
20,6081728972120aa7f9685791,json,0.0,0.0,0.0,modifying-task-config-1,0.9789473684210527,True,True,120.869,0,0,0,0,120.869
21,675aaf0eb1b401136f37c475,json,1.0,1.0,1.0,modifying-task-config-1,1.0,True,True,137.947,0,0,0,0,137.947
22,66e8c6e99be9621d5b1ed1fa,jsonc,1.0,1.0,1.0,modifying-task-config-1,0.9894736842105263,True,True,187.367,0,0,0,0,187.367
23,67792abbab2fa21bf3644c09,hjson,1.0,1.0,1.0,modifying-task-config-1,0.9894736842105263,True,False,159.163,0,0,0,0,159.163
24,5ea90bb434d5e337e98c7edd,json5,1.0,1.0,1.0,modifying-task-config-1,0.9894736842105263,True,True,155.873,1,0,0,0,155.873
25,67d13a1ec91ae2216896de44,json,1.0,1.0,1.0,modifying-task-config-1,1.0,True,True,398.379,0,0,1,1,398.379
26,67c8320847fef3b9ab9bfe4d,jsonc,1.0,1.0,1.0,modifying-task-config-1,0.9894736842105263,True,True,109.642,0,0,0,0,109.642
27,616e5ae706e970fe0aff99b6,hjson,1.0,1.0,1.0,modifying-task-config-1,0.9894736842105263,True,False,37.61,0,0,0,0,37.61
28,68138e7f96395f4c5f3a0a87,json,1.0,1.0,1.0,modifying-task-config-1,0.9894736842105263,True,True,153.333,0,0,0,0,153.333
29,62e154b0682e270b4acdf5ee,jsonc,1.0,1.0,1.0,modifying-task-config-1,0.9894736842105263,True,True,262.04,1,0,0,0,262.04
30,660eafee7515c432e850362d,hjson,0.0,0.0,0.0,modifying-task-config-1,0.9789473684210527,True,False,155.892,0,0,0,0,155.892
31,65fae23bd06ae76bcc297e8b,hjson,1.0,1.0,1.0,modifying-task-config-1,0.9894736842105263,True,False,104.346,0,0,0,0,104.346
32,67f4ea448eb6a2b293c1f2fc,json,0.0,0.0,0.0,modifying-task-config-1,0.9789473684210527,True,True,70.89,0,0,0,0,70.89
33,65f4ab7884f8411c9e11a34e,json5,1.0,1.0,1.0,modifying-task-config-1,0.9894736842105263,True,True,91.555,0,0,0,0,91.555
34,61601e9a6b8306196d2a129c,hjson,1.0,1.0,1.0,modifying-task-config-1,0.9894736842105263,True,False,243.618,0,0,0,0,243.618
35,65fad6c874ac75642ffc254b,hjson,0.2,1.0,0.33333333333333337,modifying-task-config-1,0.9473684210526316,True,False,172.942,1,0,0,0,172.942
36,67a8fa10b4db1990f7372f01,json5,1.0,1.0,1.0,modifying-task-config-1,0.9894736842105263,True,True,181.948,0,0,0,0,181.948
37,6094ce8d0764c24f352d1fe5,hjson,1.0,1.0,1.0,modifying-task-config-1,0.9789473684210527,True,False,164.187,2,0,1,1,164.187
38,664e413a5f3eb7f99d90e15b,json,1.0,1.0,1.0,modifying-task-config-1,1.0,True,True,131.77,0,0,0,0,131.77
39,66a7e128f37f34ca658be38b,jsonc,1.0,1.0,1.0,modifying-task-config-1,0.9894736842105263,True,True,42.247,0,0,0,0,42.247
40,65fb236a5a78fcf672df7469,json,1.0,1.0,1.0,modifying-task-config-1,1.0,True,True,113.141,0,0,0,0,113.141
41,675330fb23080b9ae3ec8239,json5,1.0,1.0,1.0,modifying-task-config-1,0.9894736842105263,True,True,373.006,0,0,0,0,373.006
42,65fadedad737be57cd91c61f,jsonc,0.0,0.0,0.0,modifying-task-config-1,0.9789473684210527,True,True,743.649,0,0,0,0,743.649
43,678a94ff1cf9f0775cb89e69,hjson,0.0,0.0,0.0,modifying-task-config-1,0.968421052631579,True,False,71.114,0,0,0,0,71.114
44,67176f0792ed8c4064f61a2c,json,1.0,1.0,1.0,modifying-task-config-1,1.0,True,True,105.463,0,0,0,0,105.463
45,62d6d87d91cf24a3c1c0f10c,hjson,1.0,1.0,1.0,modifying-task-config-1,0.9894736842105263,True,False,56.613,0,0,0,0,56.613
46,6554ea27378d1f1b846788b3,jsonc,1.0,1.0,1.0,modifying-task-config-1,0.9894736842105263,True,True,67.394,0,0,0,0,67.394
47,5795af044a84da00014c5df1,json,1.0,1.0,1.0,modifying-task-config-1,1.0,True,True,66.251,0,0,0,0,66.251
48,681374d36d7bd7ccb6f914f5,json5,0.0,0.0,0.0,modifying-task-config-1,0.968421052631579,True,True,63.724,0,0,0,0,63.724
49,5755c957eb80c4000741a9ce,json5,1.0,1.0,1.0,modifying-task-config-1,0.9894736842105263,True,True,44.412,0,0,1,1,44.412
50,6693d3ae2bd15cf7a058e6a7,json5,1.0,1.0,1.0,modifying-task-config-1,0.9894736842105263,True,True,243.3,0,0,0,0,243.3
51,6680071d60b3642bcf5dad37,jsonc,0.0,0.0,0.0,modifying-task-config-1,0.968421052631579,True,True,158.261,0,0,0,0,158.261
52,659960f32faa4ff4b116de92,toml,1.0,1.0,1.0,modifying-task-config-1,0.9894736842105263,True,True,100.503,0,0,1,1,100.503
53,67b8636acd5ed420cc098b64,toml,0.0,0.0,0.0,modifying-task-config-1,0.968421052631579,True,True,293.799,0,0,0,0,293.799
54,67d1cc8044430e99a7d91b4a,toml,1.0,1.0,1.0,modifying-task-config-1,0.9894736842105263,True,True,153.895,0,0,0,0,153.895
55,67f0d86fabc081fdc410e828,yaml,1.0,1.0,1.0,modifying-task-config-1,0.9894736842105263,True,True,82.143,0,0,0,0,82.143
56,6691809035e52ca9b2b0f39a,yaml,0.0,0.0,0.0,modifying-task-config-1,0.9789473684210527,True,True,165.263,0,1,0,0,165.263
57,5ee4a14b578f8a000b384376,yaml,1.0,1.0,1.0,modifying-task-config-1,0.9894736842105263,True,True,66.262,0,0,0,0,66.262
58,63af557b3d4f219c3226b7d6,yaml,1.0,1.0,1.0,modifying-task-config-1,0.9894736842105263,True,True,79.474,0,0,0,0,79.474
59,66684d30d1a0d64a3a348c82,yaml,0.0,0.0,0.0,modifying-task-config-1,0.9789473684210527,True,True,527.247,0,0,0,0,527.247
60,5e5c993cd0394c474f7cc502,toml,1.0,1.0,1.0,modifying-task-config-1,0.9894736842105263,True,True,45.988,0,0,0,0,45.988
61,60e2ebb6ad1d5ee0e515a7c5,yaml,1.0,1.0,1.0,modifying-task-config-1,0.9894736842105263,True,True,116.941,0,0,0,0,116.941
62,67153c0d669d191ab273b865,yaml,0.0,0.0,0.0,modifying-task-config-1,0.08421052631578951,False,False,191.779,1,0,0,0,191.779
63,67ab1d683813ed19603e1030,yaml,1.0,1.0,1.0,modifying-task-config-1,0.9894736842105263,True,True,207.419,0,0,0,0,207.419
64,60e343946a7faddde88fbe3c,yaml,1.0,1.0,1.0,modifying-task-config-1,0.9894736842105263,True,True,206.44,0,0,0,0,206.44
65,67e0333064ddada0e2fc6f1e,yaml,0.0,0.0,0.0,modifying-task-config-1,0.9578947368421052,True,True,98.264,0,0,0,0,98.264
66,5b3ec4332a5fbf00014eae57,toml,1.0,1.0,1.0,modifying-task-config-1,0.9894736842105263,True,True,105.439,1,0,0,0,105.439
67,6554e79557e3d6be08e32ceb,yaml,1.0,1.0,1.0,modifying-task-config-1,0.9894736842105263,True,True,74.682,0,0,0,0,74.682
68,645b519f108c046164a6d232,yaml,1.0,1.0,1.0,modifying-task-config-1,0.9894736842105263,True,True,51.39,0,0,0,0,51.39
69,6682a94b061954ae8483fb08,toml,1.0,1.0,1.0,modifying-task-config-1,0.9894736842105263,True,True,58.665,0,0,0,0,58.665
70,66311bae532a469f4858933e,toml,1.0,1.0,1.0,modifying-task-config-1,0.9789473684210527,True,True,227.045,1,0,0,0,227.045
71,669284eabea5b8c9655927da,yaml,0.0,0.0,0.0,modifying-task-config-1,0.9789473684210527,True,True,571.088,0,0,0,0,571.088
72,611d0afbb2a19acfd012545b,toml,1.0,1.0,1.0,modifying-task-config-1,0.9894736842105263,True,True,73.375,0,0,0,0,73.375
73,606c7d27f4f3ae688332a55d,toml,0.0,0.0,0.0,modifying-task-config-1,0.010526315789473717,False,False,54.05,0,0,0,0,54.05
74,6715c7aedee148c65c10509c,yaml,1.0,1.0,1.0,modifying-task-config-1,0.9894736842105263,True,True,69.316,0,0,0,0,69.316
75,67d0251c804fc17732eb948a,toml,1.0,1.0,1.0,modifying-task-config-1,0.9894736842105263,True,True,88.23,0,0,0,0,88.23
76,67d11644421446068e1fec14,toml,1.0,1.0,1.0,modifying-task-config-1,0.9894736842105263,True,True,80.569,0,0,0,0,80.569
77,678526627e48ded12935af38,yaml,1.0,1.0,1.0,modifying-task-config-1,0.9894736842105263,True,True,55.892,0,0,0,0,55.892
78,6738d09a032bf7224008ce7e,yaml,0.0,0.0,0.0,modifying-task-config-1,0.9789473684210527,True,True,439.96,0,0,0,0,439.96
79,65feaaac53eb219f09ad5ea0,toml,1.0,1.0,1.0,modifying-task-config-1,0.9894736842105263,True,True,88.069,0,0,0,0,88.069
80,60e2bf0aa568b97e8d525872,toml,0.0,0.0,0.0,modifying-task-config-1,0.968421052631579,True,True,151.703,0,0,2,0,151.703
81,67d24179c5bd87691f1fe036,yaml,1.0,1.0,1.0,modifying-task-config-1,0.9894736842105263,True,True,75.094,0,0,0,0,75.094
82,57ca4b09993b08000192297b,xml,1.0,1.0,1.0,modifying-task-config-1,0.9368421052631579,True,True,84.625,0,0,0,0,84.625
83,6693ce87e76d32ccf07fbcd8,xml,1.0,1.0,1.0,modifying-task-config-1,0.9368421052631579,True,True,321.318,0,0,0,0,321.318
84,60f70af563ef757f65e750e0,xml,0.0,0.0,0.0,modifying-task-config-1,0.9157894736842105,True,True,172.861,0,0,0,0,172.861
85,67c045fa5074c5500ca40e76,xml,1.0,1.0,1.0,modifying-task-config-1,0.9263157894736842,True,True,310.293,0,0,0,0,310.293
86,67d2eaf9d5996dc6be1c7072,xml,1.0,1.0,1.0,modifying-task-config-1,0.9368421052631579,True,True,96.534,0,0,0,0,96.534
87,677f8968bbb08bc37c8d2a4b,xml,0.0,0.0,0.0,modifying-task-config-1,0.9157894736842105,True,True,46.332,0,0,0,0,46.332
88,672f51ea346fba23ddd5a793,xml,1.0,1.0,1.0,modifying-task-config-1,0.9368421052631579,True,True,373.847,0,0,0,0,373.847
89,62d7fef5538b81f205ba4656,xml,1.0,1.0,1.0,modifying-task-config-1,0.9263157894736842,True,True,45.943,1,0,0,0,45.943
90,67406c1303bd39d206ff2b50,xml,1.0,1.0,1.0,modifying-task-config-1,0.9263157894736842,True,True,120.723,0,0,0,0,120.723
91,67f66486e35051403284eb5e,xml,0.0,0.0,0.0,modifying-task-config-1,0.9263157894736842,True,True,140.346,0,0,0,0,140.346
92,60f7c71d1cffec381351b0b3,xml,1.0,1.0,1.0,modifying-task-config-1,0.9368421052631579,True,True,159.488,0,0,0,0,159.488
93,5fb4fcd1fce53c30649dd704,xml,0.0,0.0,0.0,modifying-task-config-1,0.9263157894736842,True,True,164.589,0,0,0,0,164.589
94,5c4f5967aac8be0001716a65,xml,1.0,1.0,1.0,modifying-task-config-1,0.9368421052631579,True,True,58.449,0,0,1,2,58.449
95,5f7f239e9b204e05b6c36538,json5,0.0,0.0,0.0,modifying-task-config-2,0.08900523560209428,False,False,253.431,0,0,0,0,253.431
96,680ebf035ab59d342f31726e,hjson,1.0,1.0,1.0,modifying-task-config-2,0.9897959183673469,True,False,211.13,0,0,0,0,211.13
97,678faf5b31008609fd85b185,json5,1.0,0.6666666666666666,0.8,modifying-task-config-2,0.9795918367346939,False,False,148.446,0,0,0,0,148.446
98,65e85a421f2dee53c62fbf45,json5,1.0,1.0,1.0,modifying-task-config-2,0.9897959183673469,True,True,857.053,1,0,0,0,857.053
99,66b223d532199c29ed32c8f4,jsonc,1.0,1.0,1.0,modifying-task-config-2,0.9897959183673469,False,False,526.934,0,0,0,0,526.934
100,666b0b42bb6fa2822fa27a32,json5,0.0,0.0,0.0,modifying-task-config-2,0.9387755102040817,True,True,143.516,0,0,0,0,143.516
101,674f479b2a4ef75e4551f258,json5,0.0,0.0,0.0,modifying-task-config-2,0.08808290155440412,False,False,290.714,0,0,0,3,290.714
102,682ac845e44bb325e260d19c,jsonc,1.0,1.0,1.0,modifying-task-config-2,0.9897959183673469,False,False,381.045,0,0,0,0,381.045
103,65583ffa38bfc41805a553cd,hjson,1.0,1.0,1.0,modifying-task-config-2,0.9897959183673469,True,False,289.045,0,1,0,1,289.045
104,60ec51c51a3158a50ded8a3e,json5,1.0,1.0,1.0,modifying-task-config-2,0.9897959183673469,True,True,158.474,0,0,0,0,158.474
105,671bdd06525adeea062a1d73,json,1.0,1.0,1.0,modifying-task-config-2,1.0,True,True,136.327,0,0,0,0,136.327
106,6647e8618c77f7b938865d25,json5,1.0,1.0,1.0,modifying-task-config-2,0.9897959183673469,False,False,342.073,0,0,3,4,342.073
107,67d11093c44f4d7f6439251d,jsonc,0.6666666666666666,0.6666666666666666,0.6666666666666666,modifying-task-config-2,0.9795918367346939,False,False,502.669,0,0,0,0,502.669
108,6745fae180d1fe9990e66532,jsonc,1.0,1.0,1.0,modifying-task-config-2,0.9897959183673469,True,True,278.246,0,0,0,0,278.246
109,6717980047b565ab5b849317,hjson,0.0,0.0,0.0,modifying-task-config-2,0.9489795918367347,True,False,104.398,0,0,0,0,104.398
110,64ea2ee72ab0377e0846cb9e,jsonc,1.0,1.0,1.0,modifying-task-config-2,0.9897959183673469,False,False,212.828,0,0,0,0,212.828
111,6818ca1523ece90f671e3601,json,1.0,1.0,1.0,modifying-task-config-2,0.9897959183673469,False,False,254.323,0,0,0,0,254.323
112,67d2a409ab3638e33fc417b9,hjson,0.0,0.0,0.0,modifying-task-config-2,0.013698630136986356,False,False,259.373,0,0,0,0,259.373
113,66ec8f7ce843d25227820f97,hjson,0.6666666666666666,0.6666666666666666,0.6666666666666666,modifying-task-config-2,0.9795918367346939,True,False,344.882,0,0,0,0,344.882
114,6680d2279263349cc005956a,json,1.0,1.0,1.0,modifying-task-config-2,1.0,False,False,498.376,0,0,0,0,498.376
115,6081728972120aa7f9685791,json,1.0,1.0,1.0,modifying-task-config-2,1.0,True,True,208.633,0,0,1,4,208.633
116,675aaf0eb1b401136f37c475,json,1.0,1.0,1.0,modifying-task-config-2,1.0,True,True,202.738,0,0,0,0,202.738
117,66e8c6e99be9621d5b1ed1fa,jsonc,0.0,0.0,0.0,modifying-task-config-2,0.11224489795918369,False,False,303.194,1,0,0,0,303.194
118,67792abbab2fa21bf3644c09,hjson,0.6666666666666666,0.6666666666666666,0.6666666666666666,modifying-task-config-2,0.9591836734693877,True,False,207.268,0,0,0,0,207.268
119,5ea90bb434d5e337e98c7edd,json5,1.0,1.0,1.0,modifying-task-config-2,0.9897959183673469,True,True,812.395,0,0,0,1,812.395
120,67d13a1ec91ae2216896de44,json,1.0,1.0,1.0,modifying-task-config-2,1.0,True,True,470.507,0,0,6,8,470.507
121,67c8320847fef3b9ab9bfe4d,jsonc,1.0,1.0,1.0,modifying-task-config-2,0.9897959183673469,True,True,87.203,0,0,0,0,87.203
122,616e5ae706e970fe0aff99b6,hjson,0.0,0.0,0.0,modifying-task-config-2,0.9285714285714286,True,False,62.629,0,0,0,0,62.629
123,68138e7f96395f4c5f3a0a87,json,0.0,0.0,0.0,modifying-task-config-2,0.9387755102040817,False,False,163.346,0,0,0,0,163.346
124,62e154b0682e270b4acdf5ee,jsonc,0.6666666666666666,0.6666666666666666,0.6666666666666666,modifying-task-config-2,0.9795918367346939,False,False,192.855,0,0,0,0,192.855
125,660eafee7515c432e850362d,hjson,0.0,0.0,0.0,modifying-task-config-2,0.9285714285714286,True,False,497.5,0,0,0,0,497.5
126,65fae23bd06ae76bcc297e8b,hjson,0.0,0.0,0.0,modifying-task-config-2,0.017699115044247815,False,False,215.378,0,0,0,0,215.378
127,67f4ea448eb6a2b293c1f2fc,json,0.0,0.0,0.0,modifying-task-config-2,0.9387755102040817,False,False,233.653,0,0,0,0,233.653
128,65f4ab7884f8411c9e11a34e,json5,0.0,0.0,0.0,modifying-task-config-2,0.08900523560209428,False,False,241.171,0,0,0,0,241.171
129,61601e9a6b8306196d2a129c,hjson,1.0,1.0,1.0,modifying-task-config-2,0.9897959183673469,True,False,238.494,0,0,0,0,238.494
130,65fad6c874ac75642ffc254b,hjson,1.0,1.0,1.0,modifying-task-config-2,0.9795918367346939,True,False,178.854,0,0,6,7,178.854
131,67a8fa10b4db1990f7372f01,json5,0.0,0.0,0.0,modifying-task-config-2,0.9387755102040817,True,True,427.03,0,0,0,0,427.03
132,6094ce8d0764c24f352d1fe5,hjson,1.0,1.0,1.0,modifying-task-config-2,0.9795918367346939,True,False,108.932,0,0,0,0,108.932
133,664e413a5f3eb7f99d90e15b,json,0.0,0.0,0.0,modifying-task-config-2,0.9387755102040817,True,True,483.051,0,0,0,0,483.051
134,66a7e128f37f34ca658be38b,jsonc,1.0,1.0,1.0,modifying-task-config-2,0.9795918367346939,True,True,72.208,0,0,0,0,72.208
135,65fb236a5a78fcf672df7469,json,0.6666666666666666,0.6666666666666666,0.6666666666666666,modifying-task-config-2,0.9693877551020408,False,False,539.369,0,0,0,0,539.369
136,675330fb23080b9ae3ec8239,json5,0.0,0.0,0.0,modifying-task-config-2,0.9489795918367347,True,True,311.989,0,0,0,0,311.989
137,65fadedad737be57cd91c61f,jsonc,1.0,1.0,1.0,modifying-task-config-2,0.9897959183673469,False,False,143.608,0,0,0,0,143.608
138,67d0088c269b3e96d9ba6019,hjson,0.75,1.0,0.8571428571428571,modifying-task-config-2,0.9795918367346939,True,False,286.959,0,0,0,0,286.959
139,678a94ff1cf9f0775cb89e69,hjson,0.0,0.0,0.0,modifying-task-config-2,0.9591836734693877,True,False,30.208,0,0,0,0,30.208
140,67176f0792ed8c4064f61a2c,json,1.0,1.0,1.0,modifying-task-config-2,1.0,False,False,258.557,0,0,0,0,258.557
141,62d6d87d91cf24a3c1c0f10c,hjson,0.0,0.0,0.0,modifying-task-config-2,0.9285714285714286,True,False,115.921,0,0,0,0,115.921
142,6554ea27378d1f1b846788b3,jsonc,1.0,1.0,1.0,modifying-task-config-2,0.9897959183673469,False,False,324.147,0,0,0,0,324.147
143,5795af044a84da00014c5df1,json,1.0,0.6666666666666666,0.8,modifying-task-config-2,0.9897959183673469,True,True,179.504,0,0,1,1,179.504
144,681374d36d7bd7ccb6f914f5,json5,1.0,1.0,1.0,modifying-task-config-2,0.9897959183673469,True,True,65.256,0,0,0,0,65.256
145,5755c957eb80c4000741a9ce,json5,1.0,1.0,1.0,modifying-task-config-2,0.9897959183673469,True,True,92.365,0,1,1,0,92.365
146,6693d3ae2bd15cf7a058e6a7,json5,1.0,1.0,1.0,modifying-task-config-2,0.9795918367346939,False,False,520.004,0,0,0,0,520.004
147,6680071d60b3642bcf5dad37,jsonc,1.0,1.0,1.0,modifying-task-config-2,0.9897959183673469,False,False,231.195,0,0,0,0,231.195
148,659960f32faa4ff4b116de92,toml,1.0,1.0,1.0,modifying-task-config-2,0.9897959183673469,True,True,139.587,0,0,0,0,139.587
149,67b8636acd5ed420cc098b64,toml,0.0,0.0,0.0,modifying-task-config-2,0.010204081632653073,False,False,473.74,0,0,0,0,473.74
150,67d1cc8044430e99a7d91b4a,toml,0.0,0.0,0.0,modifying-task-config-2,0.010204081632653073,False,False,824.102,0,0,0,0,824.102
151,67f0d86fabc081fdc410e828,yaml,0.6666666666666666,0.6666666666666666,0.6666666666666666,modifying-task-config-2,0.9693877551020408,True,True,210.882,0,0,0,0,210.882
152,6691809035e52ca9b2b0f39a,yaml,0.6666666666666666,0.6666666666666666,0.6666666666666666,modifying-task-config-2,0.9795918367346939,True,True,251.211,0,0,0,0,251.211
153,67d03135f855dd0ff0994265,toml,0.0,0.0,0.0,modifying-task-config-2,0.010204081632653073,False,False,209.45,0,0,0,0,209.45
154,5ee4a14b578f8a000b384376,yaml,1.0,1.0,1.0,modifying-task-config-2,0.9897959183673469,True,True,199.958,0,0,0,0,199.958
155,63af557b3d4f219c3226b7d6,yaml,1.0,1.0,1.0,modifying-task-config-2,0.9897959183673469,True,True,191.931,2,0,1,3,191.931
156,66684d30d1a0d64a3a348c82,yaml,0.6666666666666666,0.6666666666666666,0.6666666666666666,modifying-task-config-2,0.9795918367346939,True,True,376.348,0,0,0,0,376.348
157,5e5c993cd0394c474f7cc502,toml,1.0,1.0,1.0,modifying-task-config-2,0.9897959183673469,True,True,107.816,0,0,0,0,107.816
158,60e2ebb6ad1d5ee0e515a7c5,yaml,0.0,0.0,0.0,modifying-task-config-2,0.08163265306122447,False,False,171.687,0,0,0,0,171.687
159,67153c0d669d191ab273b865,yaml,1.0,1.0,1.0,modifying-task-config-2,0.9897959183673469,True,True,340.759,0,0,0,0,340.759
160,67ab1d683813ed19603e1030,yaml,0.75,1.0,0.8571428571428571,modifying-task-config-2,0.9795918367346939,True,True,319.584,0,0,0,0,319.584
161,60e343946a7faddde88fbe3c,yaml,1.0,1.0,1.0,modifying-task-config-2,0.9591836734693877,True,True,253.685,0,0,0,0,253.685
162,67e0333064ddada0e2fc6f1e,yaml,0.0,0.0,0.0,modifying-task-config-2,0.08163265306122447,False,False,171.166,0,0,0,0,171.166
163,5b3ec4332a5fbf00014eae57,toml,1.0,1.0,1.0,modifying-task-config-2,0.9897959183673469,True,True,250.009,0,0,0,2,250.009
164,6554e79557e3d6be08e32ceb,yaml,1.0,1.0,1.0,modifying-task-config-2,0.9897959183673469,True,True,334.324,0,0,1,4,334.324
165,645b519f108c046164a6d232,yaml,1.0,1.0,1.0,modifying-task-config-2,0.9897959183673469,True,True,131.389,0,0,0,0,131.389
166,6682a94b061954ae8483fb08,toml,1.0,1.0,1.0,modifying-task-config-2,0.9897959183673469,True,True,102.515,0,0,0,0,102.515
167,67bf5ad9c5a4637861cfd21e,toml,0.0,0.0,0.0,modifying-task-config-2,0.010204081632653073,False,False,475.729,0,0,0,0,475.729
168,66311bae532a469f4858933e,toml,1.0,1.0,1.0,modifying-task-config-2,0.9897959183673469,True,True,427.294,1,0,0,0,427.294
169,669284eabea5b8c9655927da,yaml,0.0,0.0,0.0,modifying-task-config-2,0.8571428571428572,True,True,282.805,0,0,0,0,282.805
170,611d0afbb2a19acfd012545b,toml,1.0,1.0,1.0,modifying-task-config-2,0.9897959183673469,True,True,290.425,0,0,0,0,290.425
171,606c7d27f4f3ae688332a55d,toml,1.0,1.0,1.0,modifying-task-config-2,0.9897959183673469,True,True,75.437,0,0,0,0,75.437
172,6715c7aedee148c65c10509c,yaml,1.0,1.0,1.0,modifying-task-config-2,0.9897959183673469,True,True,174.435,0,0,1,2,174.435
173,67d0251c804fc17732eb948a,toml,0.0,0.0,0.0,modifying-task-config-2,0.9285714285714286,True,True,454.703,0,0,0,0,454.703
174,67d11644421446068e1fec14,toml,1.0,1.0,1.0,modifying-task-config-2,0.9897959183673469,True,True,421.442,0,0,3,3,421.442
175,678526627e48ded12935af38,yaml,0.6666666666666666,0.6666666666666666,0.6666666666666666,modifying-task-config-2,0.9795918367346939,True,True,2803.31,0,0,0,0,2803.31
176,6738d09a032bf7224008ce7e,yaml,0.0,0.0,0.0,modifying-task-config-2,0.0714285714285714,False,False,897.637,0,0,0,0,897.637
177,65feaaac53eb219f09ad5ea0,toml,0.6666666666666666,0.6666666666666666,0.6666666666666666,modifying-task-config-2,0.9795918367346939,True,True,814.915,0,0,0,6,814.915
178,60e2bf0aa568b97e8d525872,toml,0.75,1.0,0.8571428571428571,modifying-task-config-2,0.9489795918367347,True,True,278.956,0,0,2,0,278.956
179,67d24179c5bd87691f1fe036,yaml,1.0,1.0,1.0,modifying-task-config-2,0.9897959183673469,True,True,119.719,0,0,0,0,119.719
180,57ca4b09993b08000192297b,xml,1.0,1.0,1.0,modifying-task-config-2,0.9387755102040817,True,True,157.074,0,0,0,0,157.074
181,6693ce87e76d32ccf07fbcd8,xml,1.0,1.0,1.0,modifying-task-config-2,0.9387755102040817,True,True,267.435,0,0,0,0,267.435
182,60f70af563ef757f65e750e0,xml,1.0,1.0,1.0,modifying-task-config-2,0.9387755102040817,True,True,273.931,1,0,0,0,273.931
183,67c045fa5074c5500ca40e76,xml,0.0,0.0,0.0,modifying-task-config-2,0.8979591836734694,True,True,114.413,0,0,0,0,114.413
184,67d2eaf9d5996dc6be1c7072,xml,0.0,0.0,0.0,modifying-task-config-2,0.8979591836734694,True,True,266.281,0,0,0,0,266.281
185,651b29ff3a6cadf518640abe,xml,1.0,0.3333333333333333,0.5,modifying-task-config-2,0.9081632653061225,True,True,398.758,0,1,2,0,398.758
186,677f8968bbb08bc37c8d2a4b,xml,0.0,0.0,0.0,modifying-task-config-2,0.8979591836734694,True,True,68.091,0,0,0,0,68.091
187,62d7fef5538b81f205ba4656,xml,1.0,1.0,1.0,modifying-task-config-2,0.9081632653061225,True,True,113.625,0,1,0,0,113.625
188,67406c1303bd39d206ff2b50,xml,0.6666666666666666,0.6666666666666666,0.6666666666666666,modifying-task-config-2,0.9183673469387755,True,True,283.847,0,0,1,3,283.847
189,67f66486e35051403284eb5e,xml,0.0,0.0,0.0,modifying-task-config-2,0.4591836734693877,False,True,385.409,0,0,0,0,385.409
190,60f7c71d1cffec381351b0b3,xml,0.0,0.0,0.0,modifying-task-config-2,0.8585858585858586,False,True,470.807,0,0,0,0,470.807
191,5fb4fcd1fce53c30649dd704,xml,0.0,0.0,0.0,modifying-task-config-2,0.7857142857142857,False,True,237.234,0,0,0,0,237.234
192,5c4f5967aac8be0001716a65,xml,1.0,1.0,1.0,modifying-task-config-2,0.9387755102040817,True,True,121.344,0,0,0,0,121.344
193,5f7f239e9b204e05b6c36538,json5,0.0,0.0,0.0,modifying-task-config-3,0.09392265193370164,False,False,56.757,0,0,0,0,56.757
194,676d220cd6e7101ccba18ba5,jsonc,1.0,1.0,1.0,modifying-task-config-3,0.989247311827957,True,True,228.051,0,0,0,0,228.051
195,680ebf035ab59d342f31726e,hjson,1.0,1.0,1.0,modifying-task-config-3,0.989247311827957,True,False,115.493,0,0,0,0,115.493
196,678faf5b31008609fd85b185,json5,1.0,1.0,1.0,modifying-task-config-3,0.989247311827957,True,True,47.15,0,0,0,0,47.15
197,65e85a421f2dee53c62fbf45,json5,1.0,1.0,1.0,modifying-task-config-3,0.989247311827957,True,True,506.773,0,0,0,0,506.773
198,66b223d532199c29ed32c8f4,jsonc,0.0,0.0,0.0,modifying-task-config-3,-0.08080808080808088,False,False,493.807,1,0,0,0,493.807
199,666b0b42bb6fa2822fa27a32,json5,0.0,0.0,0.0,modifying-task-config-3,0.968421052631579,True,True,110.873,0,0,0,0,110.873
200,670f9ddb0e32533c222c3031,json,0.0,0.0,0.0,modifying-task-config-3,-0.06034482758620685,False,False,54.288,0,0,0,0,54.288
201,674f479b2a4ef75e4551f258,json5,0.5,0.5,0.5,modifying-task-config-3,0.978494623655914,True,True,126.043,0,0,0,0,126.043
202,682ac845e44bb325e260d19c,jsonc,0.0,0.0,0.0,modifying-task-config-3,-0.05128205128205132,False,False,87.022,0,0,0,0,87.022
203,65583ffa38bfc41805a553cd,hjson,0.0,0.0,0.0,modifying-task-config-3,0.009478672985781977,False,False,96.861,1,1,0,0,96.861
204,60ec51c51a3158a50ded8a3e,json5,1.0,1.0,1.0,modifying-task-config-3,0.989247311827957,True,True,90.799,0,0,0,0,90.799
205,671bdd06525adeea062a1d73,json,1.0,1.0,1.0,modifying-task-config-3,1.0,True,True,65.534,0,1,0,0,65.534
206,6647e8618c77f7b938865d25,json5,1.0,1.0,1.0,modifying-task-config-3,0.989247311827957,True,True,118.193,0,0,0,0,118.193
207,67d11093c44f4d7f6439251d,jsonc,1.0,0.5,0.6666666666666666,modifying-task-config-3,0.9787234042553191,True,True,183.577,0,0,0,0,183.577
208,6745fae180d1fe9990e66532,jsonc,1.0,1.0,1.0,modifying-task-config-3,0.989247311827957,True,True,60.809,0,0,0,0,60.809
209,66912d7bf9d35c08f6919958,json,1.0,0.5,0.6666666666666666,modifying-task-config-3,0.9893617021276596,True,True,124.237,0,0,0,0,124.237
210,6717980047b565ab5b849317,hjson,1.0,1.0,1.0,modifying-task-config-3,0.989247311827957,True,False,274.155,0,0,0,0,274.155
211,64ea2ee72ab0377e0846cb9e,jsonc,1.0,1.0,1.0,modifying-task-config-3,0.989247311827957,True,True,149.549,0,0,0,0,149.549
212,6818ca1523ece90f671e3601,json,0.0,0.0,0.0,modifying-task-config-3,-0.06034482758620685,False,False,104.56,0,0,0,0,104.56
213,66ec8f7ce843d25227820f97,hjson,0.0,0.0,0.0,modifying-task-config-3,0.946236559139785,True,False,246.567,0,0,0,0,246.567
214,6680d2279263349cc005956a,json,1.0,1.0,1.0,modifying-task-config-3,1.0,False,True,356.278,0,0,0,0,356.278
215,6081728972120aa7f9685791,json,0.0,0.0,0.0,modifying-task-config-3,0.967741935483871,True,True,305.662,0,0,0,0,305.662
216,675aaf0eb1b401136f37c475,json,1.0,1.0,1.0,modifying-task-config-3,1.0,False,True,91.539,1,0,0,0,91.539
217,66e8c6e99be9621d5b1ed1fa,jsonc,0.0,0.0,0.0,modifying-task-config-3,0.06451612903225812,False,False,66.992,0,0,0,0,66.992
218,67792abbab2fa21bf3644c09,hjson,1.0,0.5,0.6666666666666666,modifying-task-config-3,0.9787234042553191,True,False,149.025,0,0,0,0,149.025
219,5ea90bb434d5e337e98c7edd,json5,0.0,0.0,0.0,modifying-task-config-3,0.09392265193370164,False,False,207.731,0,0,0,0,207.731
220,67d13a1ec91ae2216896de44,json,0.0,0.0,0.0,modifying-task-config-3,0.9789473684210527,True,True,162.82,0,0,0,0,162.82
221,67c8320847fef3b9ab9bfe4d,jsonc,1.0,0.5,0.6666666666666666,modifying-task-config-3,0.978494623655914,True,True,124.533,0,0,0,0,124.533
222,616e5ae706e970fe0aff99b6,hjson,0.5,0.5,0.5,modifying-task-config-3,0.978494623655914,True,False,63.761,0,0,0,0,63.761
223,68138e7f96395f4c5f3a0a87,json,0.0,0.0,0.0,modifying-task-config-3,-0.05128205128205132,False,False,54.247,0,0,0,0,54.247
224,62e154b0682e270b4acdf5ee,jsonc,1.0,1.0,1.0,modifying-task-config-3,0.989247311827957,True,True,77.521,0,0,0,0,77.521
225,660eafee7515c432e850362d,hjson,1.0,1.0,1.0,modifying-task-config-3,0.989247311827957,True,False,122.848,0,0,0,0,122.848
226,65fae23bd06ae76bcc297e8b,hjson,0.0,0.0,0.0,modifying-task-config-3,0.009478672985781977,False,False,100.871,0,0,0,0,100.871
227,67f4ea448eb6a2b293c1f2fc,json,1.0,1.0,1.0,modifying-task-config-3,1.0,False,True,40.545,0,0,0,0,40.545
228,65f4ab7884f8411c9e11a34e,json5,1.0,1.0,1.0,modifying-task-config-3,0.989247311827957,True,True,184.196,1,0,0,0,184.196
229,61601e9a6b8306196d2a129c,hjson,0.0,0.0,0.0,modifying-task-config-3,0.009433962264150941,False,False,215.217,0,0,0,0,215.217
230,65fad6c874ac75642ffc254b,hjson,0.0,0.0,0.0,modifying-task-config-3,0.011904761904761862,False,False,159.825,2,2,0,0,159.825
231,67a8fa10b4db1990f7372f01,json5,0.0,0.0,0.0,modifying-task-config-3,0.09289617486338797,False,False,81.759,0,0,0,0,81.759
232,6094ce8d0764c24f352d1fe5,hjson,1.0,1.0,1.0,modifying-task-config-3,0.989247311827957,True,False,46.489,0,0,0,0,46.489
233,664e413a5f3eb7f99d90e15b,json,1.0,1.0,1.0,modifying-task-config-3,1.0,False,True,82.187,0,0,0,0,82.187
234,66a7e128f37f34ca658be38b,jsonc,1.0,1.0,1.0,modifying-task-config-3,0.989247311827957,True,True,23.589,0,0,0,0,23.589
235,65fb236a5a78fcf672df7469,json,1.0,1.0,1.0,modifying-task-config-3,1.0,False,True,314.326,1,0,0,0,314.326
236,675330fb23080b9ae3ec8239,json5,0.0,0.0,0.0,modifying-task-config-3,0.09392265193370164,False,False,303.535,0,0,0,0,303.535
237,65fadedad737be57cd91c61f,jsonc,0.0,0.0,0.0,modifying-task-config-3,-0.05128205128205132,False,False,127.512,0,0,0,0,127.512
238,67d0088c269b3e96d9ba6019,hjson,0.0,0.0,0.0,modifying-task-config-3,0.925531914893617,True,False,452.932,0,0,0,0,452.932
239,678a94ff1cf9f0775cb89e69,hjson,0.0,0.0,0.0,modifying-task-config-3,0.9578947368421052,True,False,42.326,0,0,0,0,42.326
240,67176f0792ed8c4064f61a2c,json,1.0,1.0,1.0,modifying-task-config-3,1.0,False,True,45.257,0,0,0,0,45.257
241,62d6d87d91cf24a3c1c0f10c,hjson,0.0,0.0,0.0,modifying-task-config-3,0.0,False,False,84.606,0,0,0,0,84.606
242,6554ea27378d1f1b846788b3,jsonc,1.0,1.0,1.0,modifying-task-config-3,0.989247311827957,True,True,70.608,0,0,0,0,70.608
243,5795af044a84da00014c5df1,json,1.0,0.5,0.6666666666666666,modifying-task-config-3,0.989247311827957,True,True,79.091,0,0,0,0,79.091
244,681374d36d7bd7ccb6f914f5,json5,1.0,1.0,1.0,modifying-task-config-3,0.989247311827957,True,True,52.104,0,0,0,0,52.104
245,5755c957eb80c4000741a9ce,json5,1.0,1.0,1.0,modifying-task-config-3,0.989247311827957,True,True,21.009,0,0,0,0,21.009
246,6693d3ae2bd15cf7a058e6a7,json5,1.0,1.0,1.0,modifying-task-config-3,0.989247311827957,True,True,118.46,0,0,0,0,118.46
247,6680071d60b3642bcf5dad37,jsonc,1.0,1.0,1.0,modifying-task-config-3,0.989247311827957,True,True,365.453,2,0,0,0,365.453
248,659960f32faa4ff4b116de92,toml,1.0,1.0,1.0,modifying-task-config-3,0.989247311827957,True,True,67.235,0,0,0,0,67.235
249,67b8636acd5ed420cc098b64,toml,1.0,1.0,1.0,modifying-task-config-3,0.989247311827957,True,True,380.159,0,0,0,0,380.159
250,67d1cc8044430e99a7d91b4a,toml,0.0,0.0,0.0,modifying-task-config-3,0.010752688172043001,False,False,106.159,0,0,0,0,106.159
251,67f0d86fabc081fdc410e828,yaml,1.0,0.5,0.6666666666666666,modifying-task-config-3,0.978494623655914,True,True,145.223,0,0,0,0,145.223
252,6691809035e52ca9b2b0f39a,yaml,1.0,0.5,0.6666666666666666,modifying-task-config-3,0.9787234042553191,True,True,148.78,0,1,0,0,148.78
253,67d03135f855dd0ff0994265,toml,1.0,1.0,1.0,modifying-task-config-3,0.989247311827957,True,True,134.858,0,0,0,0,134.858
254,5ee4a14b578f8a000b384376,yaml,1.0,0.5,0.6666666666666666,modifying-task-config-3,0.978494623655914,True,True,170.274,2,0,0,0,170.274
255,63af557b3d4f219c3226b7d6,yaml,0.16666666666666666,0.5,0.25,modifying-task-config-3,0.6451612903225806,True,True,165.626,1,0,0,0,165.626
256,66684d30d1a0d64a3a348c82,yaml,0.0,0.0,0.0,modifying-task-config-3,0.9032258064516129,True,True,756.43,0,0,0,0,756.43
257,5e5c993cd0394c474f7cc502,toml,1.0,1.0,1.0,modifying-task-config-3,0.989247311827957,True,True,53.33,0,0,0,0,53.33
258,60e2ebb6ad1d5ee0e515a7c5,yaml,1.0,0.5,0.6666666666666666,modifying-task-config-3,0.978494623655914,True,True,107.318,1,0,0,0,107.318
259,67153c0d669d191ab273b865,yaml,0.0,0.0,0.0,modifying-task-config-3,0.9157894736842105,True,True,217.013,0,0,0,0,217.013
260,67ab1d683813ed19603e1030,yaml,0.0,0.0,0.0,modifying-task-config-3,0.9578947368421052,True,True,213.393,0,0,0,0,213.393
261,60e343946a7faddde88fbe3c,yaml,1.0,0.5,0.6666666666666666,modifying-task-config-3,0.978494623655914,True,True,187.06,0,0,0,0,187.06
262,67e0333064ddada0e2fc6f1e,yaml,0.0,0.0,0.0,modifying-task-config-3,0.956989247311828,True,True,59.539,0,0,0,0,59.539
263,5b3ec4332a5fbf00014eae57,toml,0.5,0.5,0.5,modifying-task-config-3,0.978494623655914,True,True,89.675,0,0,0,0,89.675
264,6554e79557e3d6be08e32ceb,yaml,0.3333333333333333,0.5,0.4,modifying-task-config-3,0.6881720430107527,True,True,119.567,0,0,0,0,119.567
265,645b519f108c046164a6d232,yaml,1.0,0.5,0.6666666666666666,modifying-task-config-3,0.978494623655914,True,True,90.11,0,0,0,0,90.11
266,6682a94b061954ae8483fb08,toml,1.0,1.0,1.0,modifying-task-config-3,0.989247311827957,True,True,72.522,0,0,0,0,72.522
267,67bf5ad9c5a4637861cfd21e,toml,0.0,0.0,0.0,modifying-task-config-3,0.010752688172043001,False,False,97.605,0,0,0,0,97.605
268,66311bae532a469f4858933e,toml,1.0,1.0,1.0,modifying-task-config-3,0.989247311827957,True,True,131.711,0,1,0,0,131.711
269,669284eabea5b8c9655927da,yaml,1.0,0.5,0.6666666666666666,modifying-task-config-3,0.978494623655914,True,True,104.675,0,0,0,0,104.675
270,611d0afbb2a19acfd012545b,toml,1.0,1.0,1.0,modifying-task-config-3,0.989247311827957,True,True,138.843,1,0,0,0,138.843
271,606c7d27f4f3ae688332a55d,toml,1.0,1.0,1.0,modifying-task-config-3,0.989247311827957,True,True,56.404,0,2,0,0,56.404
272,6715c7aedee148c65c10509c,yaml,0.0,0.0,0.0,modifying-task-config-3,0.968421052631579,True,True,69.952,0,0,0,0,69.952
273,67d0251c804fc17732eb948a,toml,0.6666666666666666,1.0,0.8,modifying-task-config-3,0.978494623655914,True,True,218.264,0,0,0,0,218.264
274,67d11644421446068e1fec14,toml,0.0,0.0,0.0,modifying-task-config-3,0.968421052631579,True,True,108.282,0,0,0,0,108.282
275,678526627e48ded12935af38,yaml,1.0,0.5,0.6666666666666666,modifying-task-config-3,0.978494623655914,True,True,255.497,1,0,0,0,255.497
276,6738d09a032bf7224008ce7e,yaml,1.0,0.5,0.6666666666666666,modifying-task-config-3,0.978494623655914,True,True,317.303,0,0,0,0,317.303
277,65feaaac53eb219f09ad5ea0,toml,1.0,0.5,0.6666666666666666,modifying-task-config-3,0.9787234042553191,True,True,35.697,0,0,0,0,35.697
278,60e2bf0aa568b97e8d525872,toml,0.5,0.5,0.5,modifying-task-config-3,0.978494623655914,True,True,126.566,0,0,0,0,126.566
279,67d24179c5bd87691f1fe036,yaml,0.5,0.5,0.5,modifying-task-config-3,0.978494623655914,True,True,60.258,0,0,0,0,60.258
280,57ca4b09993b08000192297b,xml,1.0,1.0,1.0,modifying-task-config-3,0.935483870967742,True,True,79.974,0,1,0,0,79.974
281,6693ce87e76d32ccf07fbcd8,xml,1.0,1.0,1.0,modifying-task-config-3,0.935483870967742,True,True,574.932,0,0,0,0,574.932
282,60f70af563ef757f65e750e0,xml,1.0,1.0,1.0,modifying-task-config-3,0.935483870967742,True,True,141.141,0,0,0,0,141.141
283,67c045fa5074c5500ca40e76,xml,0.0,0.0,0.0,modifying-task-config-3,0.9052631578947369,True,True,44.708,0,0,0,0,44.708
284,67d2eaf9d5996dc6be1c7072,xml,1.0,1.0,1.0,modifying-task-config-3,0.935483870967742,True,True,120.962,0,0,0,0,120.962
285,651b29ff3a6cadf518640abe,xml,0.125,0.5,0.2,modifying-task-config-3,0.4408602150537635,False,True,327.243,1,1,0,0,327.243
286,677f8968bbb08bc37c8d2a4b,xml,0.2857142857142857,1.0,0.4444444444444445,modifying-task-config-3,0.4623655913978495,False,True,81.357,0,0,0,0,81.357
287,62d7fef5538b81f205ba4656,xml,1.0,1.0,1.0,modifying-task-config-3,0.935483870967742,True,True,29.994,0,2,0,0,29.994
288,67406c1303bd39d206ff2b50,xml,1.0,1.0,1.0,modifying-task-config-3,0.935483870967742,True,True,157.137,0,0,0,0,157.137
289,67f66486e35051403284eb5e,xml,0.0,0.0,0.0,modifying-task-config-3,0.5531914893617021,False,True,110.816,0,0,0,0,110.816
290,60f7c71d1cffec381351b0b3,xml,1.0,0.5,0.6666666666666666,modifying-task-config-3,0.9247311827956989,True,True,210.807,0,0,0,0,210.807
291,5fb4fcd1fce53c30649dd704,xml,0.125,0.5,0.2,modifying-task-config-3,0.4408602150537635,False,True,189.864,0,0,0,0,189.864
292,5c4f5967aac8be0001716a65,xml,1.0,1.0,1.0,modifying-task-config-3,0.935483870967742,True,True,28.272,0,1,0,0,28.272
293,5f7f239e9b204e05b6c36538,json5,0.0,0.0,0.0,modifying-task-config-4,0.03888888888888886,False,False,77.34,0,0,0,0,77.34
294,676d220cd6e7101ccba18ba5,jsonc,0.0,0.0,0.0,modifying-task-config-4,0.9090909090909091,True,True,86.513,0,0,0,0,86.513
295,680ebf035ab59d342f31726e,hjson,1.0,1.0,1.0,modifying-task-config-4,0.98989898989899,True,False,329.589,0,0,1,0,329.589
296,678faf5b31008609fd85b185,json5,1.0,1.0,1.0,modifying-task-config-4,0.9090909090909091,True,True,126.614,1,0,0,0,126.614
297,65e85a421f2dee53c62fbf45,json5,0.0,0.0,0.0,modifying-task-config-4,0.05555555555555558,False,False,381.297,0,0,0,0,381.297
298,66b223d532199c29ed32c8f4,jsonc,1.0,1.0,1.0,modifying-task-config-4,0.98989898989899,True,True,253.107,0,0,0,0,253.107
299,666b0b42bb6fa2822fa27a32,json5,0.0,0.0,0.0,modifying-task-config-4,0.05945945945945941,False,False,161.393,0,0,0,0,161.393
300,674f479b2a4ef75e4551f258,json5,0.6666666666666666,1.0,0.8,modifying-task-config-4,0.797979797979798,False,False,164.455,0,0,0,0,164.455
301,682ac845e44bb325e260d19c,jsonc,1.0,0.25,0.4,modifying-task-config-4,0.9090909090909091,True,True,150.278,0,0,0,0,150.278
302,65583ffa38bfc41805a553cd,hjson,0.0,0.0,0.0,modifying-task-config-4,0.9191919191919192,True,False,251.788,2,0,0,0,251.788
303,60ec51c51a3158a50ded8a3e,json5,1.0,1.0,1.0,modifying-task-config-4,0.98989898989899,True,True,188.798,0,0,0,0,188.798
304,671bdd06525adeea062a1d73,json,1.0,1.0,1.0,modifying-task-config-4,0.9595959595959596,True,True,121.962,0,0,4,2,121.962
305,6647e8618c77f7b938865d25,json5,1.0,1.0,1.0,modifying-task-config-4,0.98989898989899,True,True,197.953,0,0,2,0,197.953
306,67d11093c44f4d7f6439251d,jsonc,0.0,0.0,0.0,modifying-task-config-4,-0.06779661016949157,False,False,208.496,0,0,0,0,208.496
307,6745fae180d1fe9990e66532,jsonc,1.0,1.0,1.0,modifying-task-config-4,0.98989898989899,True,True,205.301,1,0,1,0,205.301
308,6717980047b565ab5b849317,hjson,1.0,1.0,1.0,modifying-task-config-4,0.9090909090909091,True,False,353.825,0,0,0,0,353.825
309,64ea2ee72ab0377e0846cb9e,jsonc,0.0,0.0,0.0,modifying-task-config-4,-0.06779661016949157,False,False,125.431,0,0,0,0,125.431
310,6818ca1523ece90f671e3601,json,0.0,0.0,0.0,modifying-task-config-4,-0.06837606837606836,False,False,114.388,0,0,0,0,114.388
311,67d2a409ab3638e33fc417b9,hjson,0.0,0.0,0.0,modifying-task-config-4,0.898989898989899,True,False,90.843,0,0,0,0,90.843
312,66ec8f7ce843d25227820f97,hjson,1.0,1.0,1.0,modifying-task-config-4,0.9090909090909091,True,False,65.516,0,0,0,0,65.516
313,6680d2279263349cc005956a,json,1.0,1.0,1.0,modifying-task-config-4,1.0,False,False,395.463,0,0,0,0,395.463
314,6081728972120aa7f9685791,json,1.0,1.0,1.0,modifying-task-config-4,1.0,False,True,223.299,0,1,0,0,223.299
315,675aaf0eb1b401136f37c475,json,0.0,0.0,0.0,modifying-task-config-4,-0.06779661016949157,False,False,157.297,0,0,0,0,157.297
316,66e8c6e99be9621d5b1ed1fa,jsonc,0.0,0.0,0.0,modifying-task-config-4,-0.06956521739130439,False,False,265.903,0,0,0,0,265.903
317,5ea90bb434d5e337e98c7edd,json5,0.0,0.0,0.0,modifying-task-config-4,0.05945945945945941,False,False,392.543,4,0,0,0,392.543
318,67d13a1ec91ae2216896de44,json,1.0,1.0,1.0,modifying-task-config-4,1.0,True,True,538.232,0,0,1,3,538.232
319,67c8320847fef3b9ab9bfe4d,jsonc,0.0,0.0,0.0,modifying-task-config-4,-0.06837606837606836,False,False,535.759,2,0,4,1,535.759
320,616e5ae706e970fe0aff99b6,hjson,0.0,0.0,0.0,modifying-task-config-4,0.9191919191919192,True,False,69.789,0,0,0,0,69.789
321,68138e7f96395f4c5f3a0a87,json,0.0,0.0,0.0,modifying-task-config-4,-0.06779661016949157,False,False,67.891,0,0,0,0,67.891
322,62e154b0682e270b4acdf5ee,jsonc,1.0,1.0,1.0,modifying-task-config-4,0.98989898989899,False,False,419.852,2,0,2,4,419.852
323,660eafee7515c432e850362d,hjson,0.0,0.0,0.0,modifying-task-config-4,0.014018691588784993,False,False,233.852,0,0,0,0,233.852
324,65fae23bd06ae76bcc297e8b,hjson,0.0,0.0,0.0,modifying-task-config-4,0.013636363636363669,False,False,637.01,0,0,0,0,637.01
325,65f4ab7884f8411c9e11a34e,json5,0.0,0.0,0.0,modifying-task-config-4,0.05945945945945941,False,False,107.453,2,0,0,0,107.453
326,61601e9a6b8306196d2a129c,hjson,0.0,0.0,0.0,modifying-task-config-4,0.9191919191919192,True,False,170.132,0,0,0,0,170.132
327,65fad6c874ac75642ffc254b,hjson,1.0,1.0,1.0,modifying-task-config-4,0.9797979797979798,True,False,345.152,4,0,1,3,345.152
328,67a8fa10b4db1990f7372f01,json5,1.0,0.25,0.4,modifying-task-config-4,0.9090909090909091,True,True,357.793,0,0,0,0,357.793
329,6094ce8d0764c24f352d1fe5,hjson,1.0,1.0,1.0,modifying-task-config-4,0.9090909090909091,True,False,357.436,5,1,1,1,357.436
330,664e413a5f3eb7f99d90e15b,json,0.0,0.0,0.0,modifying-task-config-4,-0.06837606837606836,False,False,93.995,0,0,0,0,93.995
331,66a7e128f37f34ca658be38b,jsonc,1.0,1.0,1.0,modifying-task-config-4,0.98989898989899,False,False,107.921,0,0,0,0,107.921
332,65fb236a5a78fcf672df7469,json,1.0,1.0,1.0,modifying-task-config-4,1.0,True,True,365.939,0,0,0,0,365.939
333,675330fb23080b9ae3ec8239,json5,1.0,0.25,0.4,modifying-task-config-4,0.9090909090909091,True,True,247.077,0,0,0,0,247.077
334,65fadedad737be57cd91c61f,jsonc,1.0,1.0,1.0,modifying-task-config-4,0.98989898989899,True,True,516.713,0,0,0,0,516.713
335,67d0088c269b3e96d9ba6019,hjson,1.0,1.0,1.0,modifying-task-config-4,0.9090909090909091,True,False,193.108,0,0,0,0,193.108
336,678a94ff1cf9f0775cb89e69,hjson,0.0,0.0,0.0,modifying-task-config-4,0.898989898989899,True,False,16.198,0,0,0,0,16.198
337,67176f0792ed8c4064f61a2c,json,0.0,0.0,0.0,modifying-task-config-4,-0.05737704918032782,False,False,125.88,0,0,0,0,125.88
338,62d6d87d91cf24a3c1c0f10c,hjson,1.0,0.25,0.4,modifying-task-config-4,0.86,True,False,367.096,9,0,0,0,367.096
339,6554ea27378d1f1b846788b3,jsonc,0.0,0.0,0.0,modifying-task-config-4,0.9191919191919192,True,True,151.298,0,0,0,0,151.298
340,5795af044a84da00014c5df1,json,1.0,1.0,1.0,modifying-task-config-4,1.0,True,True,135.279,1,0,0,0,135.279
341,681374d36d7bd7ccb6f914f5,json5,1.0,1.0,1.0,modifying-task-config-4,0.98989898989899,True,True,63.772,0,0,0,4,63.772
342,5755c957eb80c4000741a9ce,json5,1.0,1.0,1.0,modifying-task-config-4,0.98989898989899,True,True,61.743,0,0,0,0,61.743
343,6693d3ae2bd15cf7a058e6a7,json5,0.0,0.0,0.0,modifying-task-config-4,0.9090909090909091,True,True,339.463,0,0,0,0,339.463
344,6680071d60b3642bcf5dad37,jsonc,1.0,1.0,1.0,modifying-task-config-4,0.98989898989899,True,True,360.509,1,0,0,0,360.509
345,659960f32faa4ff4b116de92,toml,0.2857142857142857,1.0,0.4444444444444445,modifying-task-config-4,0.6161616161616161,True,True,286.226,1,0,3,4,286.226
346,67b8636acd5ed420cc098b64,toml,0.0,0.0,0.0,modifying-task-config-4,0.010101010101010055,False,False,213.081,0,0,0,0,213.081
347,67d1cc8044430e99a7d91b4a,toml,0.0,0.0,0.0,modifying-task-config-4,0.010101010101010055,False,False,429.849,0,0,0,0,429.849
348,67f0d86fabc081fdc410e828,yaml,0.0,0.0,0.0,modifying-task-config-4,0.9191919191919192,True,True,162.101,3,0,0,0,162.101
349,6691809035e52ca9b2b0f39a,yaml,0.0,0.0,0.0,modifying-task-config-4,0.9191919191919192,True,True,241.767,2,0,0,0,241.767
350,67d03135f855dd0ff0994265,toml,0.0,0.0,0.0,modifying-task-config-4,0.010101010101010055,False,True,167.71,0,0,0,0,167.71
351,5ee4a14b578f8a000b384376,yaml,0.0,0.0,0.0,modifying-task-config-4,0.898989898989899,True,True,442.061,5,0,0,0,442.061
352,63af557b3d4f219c3226b7d6,yaml,1.0,1.0,1.0,modifying-task-config-4,0.98989898989899,True,True,161.344,2,0,0,0,161.344
353,5e5c993cd0394c474f7cc502,toml,0.0,0.0,0.0,modifying-task-config-4,0.898989898989899,True,False,179.229,3,0,0,0,179.229
354,60e2ebb6ad1d5ee0e515a7c5,yaml,0.0,0.0,0.0,modifying-task-config-4,0.08080808080808077,False,False,149.054,2,0,0,0,149.054
355,67153c0d669d191ab273b865,yaml,1.0,1.0,1.0,modifying-task-config-4,0.9090909090909091,True,True,204.447,0,0,0,0,204.447
356,67ab1d683813ed19603e1030,yaml,1.0,1.0,1.0,modifying-task-config-4,0.98989898989899,True,True,148.782,0,0,0,0,148.782
357,60e343946a7faddde88fbe3c,yaml,0.0,0.0,0.0,modifying-task-config-4,0.9191919191919192,True,True,285.277,4,0,0,0,285.277
358,67e0333064ddada0e2fc6f1e,yaml,0.0,0.0,0.0,modifying-task-config-4,0.898989898989899,True,True,69.775,0,0,0,0,69.775
359,5b3ec4332a5fbf00014eae57,toml,0.09090909090909091,0.25,0.13333333333333333,modifying-task-config-4,0.5454545454545454,True,True,328.878,2,0,0,0,328.878
360,6554e79557e3d6be08e32ceb,yaml,0.0,0.0,0.0,modifying-task-config-4,0.9191919191919192,True,True,102.651,4,0,0,0,102.651
361,645b519f108c046164a6d232,yaml,0.0,0.0,0.0,modifying-task-config-4,0.9191919191919192,True,True,75.715,0,0,0,0,75.715
362,6682a94b061954ae8483fb08,toml,0.2857142857142857,1.0,0.4444444444444445,modifying-task-config-4,0.6161616161616161,True,True,176.881,3,0,0,0,176.881
363,67bf5ad9c5a4637861cfd21e,toml,1.0,1.0,1.0,modifying-task-config-4,0.9494949494949495,True,True,477.714,0,0,0,0,477.714
364,66311bae532a469f4858933e,toml,0.2857142857142857,1.0,0.4444444444444445,modifying-task-config-4,0.6161616161616161,True,True,450.228,7,0,0,0,450.228
365,669284eabea5b8c9655927da,yaml,0.0,0.0,0.0,modifying-task-config-4,0.898989898989899,True,True,223.396,1,0,0,0,223.396
366,611d0afbb2a19acfd012545b,toml,0.0,0.0,0.0,modifying-task-config-4,0.010101010101010055,False,False,178.559,2,0,0,0,178.559
367,606c7d27f4f3ae688332a55d,toml,0.0,0.0,0.0,modifying-task-config-4,0.010101010101010055,False,False,154.345,1,0,0,0,154.345
368,6715c7aedee148c65c10509c,yaml,0.0,0.0,0.0,modifying-task-config-4,0.9191919191919192,True,True,64.646,0,0,1,1,64.646
369,67d0251c804fc17732eb948a,toml,0.2857142857142857,1.0,0.4444444444444445,modifying-task-config-4,0.6161616161616161,True,True,600.699,2,0,0,0,600.699
370,67d11644421446068e1fec14,toml,0.2857142857142857,1.0,0.4444444444444445,modifying-task-config-4,0.6060606060606061,True,True,639.212,0,0,1,3,639.212
371,678526627e48ded12935af38,yaml,0.0,0.0,0.0,modifying-task-config-4,0.9090909090909091,True,True,100.817,0,0,1,0,100.817
372,6738d09a032bf7224008ce7e,yaml,0.0,0.0,0.0,modifying-task-config-4,0.08080808080808077,False,False,243.492,0,0,0,0,243.492
373,65feaaac53eb219f09ad5ea0,toml,0.0,0.0,0.0,modifying-task-config-4,0.010101010101010055,False,False,124.004,0,0,0,0,124.004
374,60e2bf0aa568b97e8d525872,toml,0.8,1.0,0.888888888888889,modifying-task-config-4,0.9797979797979798,True,True,457.769,0,0,2,0,457.769
375,67d24179c5bd87691f1fe036,yaml,0.0,0.0,0.0,modifying-task-config-4,0.8484848484848485,True,True,61.281,2,0,0,0,61.281
376,57ca4b09993b08000192297b,xml,1.0,1.0,1.0,modifying-task-config-4,0.9393939393939394,True,True,466.062,1,0,1,9,466.062
377,6693ce87e76d32ccf07fbcd8,xml,0.0,0.0,0.0,modifying-task-config-4,0.8484848484848485,True,True,310.84,0,0,0,0,310.84
378,60f70af563ef757f65e750e0,xml,0.0,0.0,0.0,modifying-task-config-4,0.8484848484848485,True,True,239.027,1,0,2,4,239.027
379,67c045fa5074c5500ca40e76,xml,0.0,0.0,0.0,modifying-task-config-4,0.8484848484848485,True,True,36.516,0,0,0,0,36.516
380,67d2eaf9d5996dc6be1c7072,xml,0.0,0.0,0.0,modifying-task-config-4,0.797979797979798,True,True,170.222,0,0,0,0,170.222
381,651b29ff3a6cadf518640abe,xml,1.0,1.0,1.0,modifying-task-config-4,0.8585858585858586,True,True,152.15,0,0,1,0,152.15
382,677f8968bbb08bc37c8d2a4b,xml,0.0,0.0,0.0,modifying-task-config-4,0.8585858585858586,False,True,78.446,0,0,0,0,78.446
383,62d7fef5538b81f205ba4656,xml,0.0,0.0,0.0,modifying-task-config-4,0.8484848484848485,True,True,68.424,0,1,0,1,68.424
384,67406c1303bd39d206ff2b50,xml,0.0,0.0,0.0,modifying-task-config-4,0.7878787878787878,True,True,182.975,0,0,0,0,182.975
385,67f66486e35051403284eb5e,xml,0.0,0.0,0.0,modifying-task-config-4,0.7878787878787878,False,True,358.675,0,0,0,0,358.675
386,60f7c71d1cffec381351b0b3,xml,0.0,0.0,0.0,modifying-task-config-4,0.8181818181818181,False,True,192.428,1,0,0,0,192.428
387,5fb4fcd1fce53c30649dd704,xml,0.0,0.0,0.0,modifying-task-config-4,0.04040404040404044,False,True,149.467,0,0,0,0,149.467
388,5c4f5967aac8be0001716a65,xml,0.0,0.0,0.0,modifying-task-config-4,0.89,True,True,499.679,1,1,4,7,499.679
389,676d220cd6e7101ccba18ba5,jsonc,0.0,0.0,0.0,modifying-task-config-2,0.0,False,False,475.906,0,0,0,0,475.906
390,670f9ddb0e32533c222c3031,json,0.0,0.0,0.0,modifying-task-config-1,0.0,False,False,9.299,0,0,0,0,9.299
391,670f9ddb0e32533c222c3031,json,0.0,0.0,0.0,modifying-task-config-2,0.0,False,False,8.276,0,0,0,0,8.276
392,670f9ddb0e32533c222c3031,json,0.0,0.0,0.0,modifying-task-config-4,0.0,False,False,25.904,0,0,0,0,25.904
393,67d03135f855dd0ff0994265,toml,0.0,0.0,0.0,modifying-task-config-1,0.0,False,False,151.227,0,0,0,0,151.227
394,66684d30d1a0d64a3a348c82,yaml,0.0,0.0,0.0,modifying-task-config-4,0.0,False,False,346.362,0,0,0,0,346.362
395,66912d7bf9d35c08f6919958,json,0.0,0.0,0.0,modifying-task-config-1,0.0,False,False,24.036,0,0,0,0,24.036
396,66912d7bf9d35c08f6919958,json,0.0,0.0,0.0,modifying-task-config-2,0.0,False,False,14.252,0,0,0,0,14.252
397,66912d7bf9d35c08f6919958,json,0.0,0.0,0.0,modifying-task-config-4,0.0,False,False,227.586,0,0,0,0,227.586
398,651b29ff3a6cadf518640abe,xml,0.0,0.0,0.0,modifying-task-config-1,0.0,False,False,105.911,0,1,0,0,105.911
399,67d2a409ab3638e33fc417b9,hjson,0.0,0.0,0.0,modifying-task-config-1,0.0,False,False,77.224,0,0,0,0,77.224
400,67d2a409ab3638e33fc417b9,hjson,0.0,0.0,0.0,modifying-task-config-3,0.0,False,False,91.242,0,0,0,0,91.242
401,67aca6831f2b0b79416bdb6c,xml,0.0,0.0,0.0,modifying-task-config-1,0.0,False,False,13.623,0,0,0,0,13.623
402,67aca6831f2b0b79416bdb6c,xml,0.0,0.0,0.0,modifying-task-config-2,0.0,False,False,7.38,0,0,0,0,7.38
403,67aca6831f2b0b79416bdb6c,xml,0.0,0.0,0.0,modifying-task-config-3,0.0,False,False,77.468,0,0,0,0,77.468
404,67aca6831f2b0b79416bdb6c,xml,0.0,0.0,0.0,modifying-task-config-4,0.0,False,False,3.452,0,0,0,0,3.452
405,67792abbab2fa21bf3644c09,hjson,0.0,0.0,0.0,modifying-task-config-4,0.0,False,False,105.911,0,0,0,0,105.911
406,672f51ea346fba23ddd5a793,xml,0.0,0.0,0.0,modifying-task-config-2,0.0,False,False,211.652,0,0,0,0,211.652
407,672f51ea346fba23ddd5a793,xml,0.0,0.0,0.0,modifying-task-config-3,0.0,False,False,5.051,0,0,0,0,5.051
408,672f51ea346fba23ddd5a793,xml,0.0,0.0,0.0,modifying-task-config-4,0.0,False,False,6.228,0,0,0,0,6.228
409,67bf5ad9c5a4637861cfd21e,toml,0.0,0.0,0.0,modifying-task-config-1,0.0,False,False,103.434,0,0,0,0,103.434
410,67caa7fe00179edfb74d3e1a,json5,0.0,0.0,0.0,modifying-task-config-1,0.0,False,False,193.315,0,0,0,0,193.315
411,67caa7fe00179edfb74d3e1a,json5,0.0,0.0,0.0,modifying-task-config-2,0.0,False,False,75.569,0,0,0,0,75.569
412,67caa7fe00179edfb74d3e1a,json5,0.0,0.0,0.0,modifying-task-config-3,0.0,False,False,14.654,0,0,0,0,14.654
413,67caa7fe00179edfb74d3e1a,json5,0.0,0.0,0.0,modifying-task-config-4,0.0,False,False,4.273,0,0,0,0,4.273
414,67f4ea448eb6a2b293c1f2fc,json,0.0,0.0,0.0,modifying-task-config-4,0.0,False,False,33.654,0,0,0,0,33.654
415,67d0088c269b3e96d9ba6019,hjson,0.0,0.0,0.0,modifying-task-config-1,0.0,False,False,195.814,0,0,0,0,195.814
416,61287939bc5a971fc15333e4,json,0.0,0.0,0.0,modifying-task-config-1,0.0,False,False,61.172,0,0,0,0,61.172
417,61287939bc5a971fc15333e4,json,0.0,0.0,0.0,modifying-task-config-2,0.0,False,False,68.106,0,0,0,0,68.106
418,61287939bc5a971fc15333e4,json,0.0,0.0,0.0,modifying-task-config-3,0.0,False,False,81.441,0,0,0,0,81.441
419,61287939bc5a971fc15333e4,json,0.0,0.0,0.0,modifying-task-config-4,0.0,False,False,51.005,0,0,0,0,51.005
